{
  "areas": [
    { "name":"page" , "top":0,"left":0 ,"bottom":207,"right":140 },
    { "name":"extras" , "top":8,"left":9.5 ,"bottom":39,"right":133.5 },
    { "name":"header" , "top":39,"left":9.5 ,"bottom":70,"right":133.5 },
    { "name":"normales" , "top":70 ,"left":9.5 ,"bottom":184,"right":133.5 },
    { "name":"foot" , "top":184,"left":9.5 ,"bottom":227,"right":133.5  }
  ],
  "boxes": [
    { "type":"basic","name":"extras_tittle" ,"index":0, "top":1,"left":9.5 ,"bottom":5.6,"right":34.8,"border":false,"text":"HORAS EXTRAS" },
    { "type":"table","name":"extras_table" ,"index":0, "top":8,"left":9.5 ,"bottom":28.7,"right":133,"border":true,
      "columns":[
        {
          "type":"column","name":"HIcolumn","index":0,
          "celds":[
            {"type":"label_box","name":"HI_EXTRA_TITLE","index":0,"top":8,"left":9.5 ,"bottom":14.8,"right":21.5,"border":true,
              "background_color":{"red":128,"green":128,"blue":128},
              "border_color":{"red":0,"green":0,"blue":0},
              "label":{
                "text":"H.I.","top":10.3,"left":13 ,"bottom":12.6,"right":17.6
              }
            },
            {"type":"label_box","name":"HI_EXTRA","index":0,"top":14.8,"left":9.5 ,"bottom":21.3,"right":21.5,"border":true,
              "background_color":{"red":255,"green":255,"blue":255},
              "border_color":{"red":0,"green":0,"blue":0},
              "label":{
                "text":"","top":14.8,"left":9.5 ,"bottom":20.3,"right":21.2
              }
            },
            {"type":"label_box","name":"HI_EXTRA","index":1,"top":21.3,"left":9.5 ,"bottom":28.7,"right":21.5,"border":true,
              "background_color":{"red":255,"green":255,"blue":255},
              "border_color":{"red":0,"green":0,"blue":0},
              "label":{
                "text":"","top":21.3,"left":9.5 ,"bottom":27.7,"right":21.2
              }
            }
          ]
        },
        {
          "type":"column","name":"HFcolumn","index":0,
          "celds":[
            {"type":"label_box","name":"HF_EXTRA_TITLE","index":0,"top":8,"left":21.5 ,"bottom":14.8,"right":35,"border":true,
              "background_color":{"red":128,"green":128,"blue":128},
              "border_color":{"red":0,"green":0,"blue":0},
              "label":{
                "text":"H.F.","top":10.3,"left":26.5 ,"bottom":12.6,"right":30.9
              }
            },
            {"type":"label_box","name":"HF_EXTRA","index":0,"top":14.8,"left":21.5 ,"bottom":21.3,"right":35,"border":true,
              "background_color":{"red":255,"green":255,"blue":255},
              "border_color":{"red":0,"green":0,"blue":0},
              "label":{
                "text":"","top":14.8,"left":21.5 ,"bottom":20.3,"right":35
              }
            },
            {"type":"label_box","name":"HF_EXTRA","index":1,"top":21.3,"left":21.5 ,"bottom":28.7,"right":35,"border":true,
              "background_color":{"red":255,"green":255,"blue":255},
              "border_color":{"red":0,"green":0,"blue":0},
              "label":{
                "text":"","top":21.3,"left":21.5 ,"bottom":27.7,"right":35
              }
            }
          ]
        },
        {
          "type":"column","name":"CLIENTEcolumn","index":0,
          "celds":[
            {"type":"label_box","name":"CLIENTE_EXTRA_TITLE","index":0,"top":8,"left":35 ,"bottom":14.8,"right":64.5,"border":true,
              "background_color":{"red":128,"green":128,"blue":128},
              "border_color":{"red":0,"green":0,"blue":0},
              "label":{
                "text":"CLIENTE","top":10.3,"left":44.2 ,"bottom":12.6,"right":55.2
              }
            },
            {"type":"label_box","name":"CLIENTE_EXTRA","index":0,"top":14.8,"left":35 ,"bottom":21.3,"right":64.5,"border":true,
              "background_color":{"red":255,"green":255,"blue":255},
              "border_color":{"red":0,"green":0,"blue":0},
              "label":{
                "text":"","top":14.8,"left":35 ,"bottom":20.3,"right":64.5
              }
            },
            {"type":"label_box","name":"CLIENTE_EXTRA","index":1,"top":21.3,"left":35 ,"bottom":28.7,"right":64.5,"border":true,
              "background_color":{"red":255,"green":255,"blue":255},
              "border_color":{"red":0,"green":0,"blue":0},
              "label":{
                "text":"","top":21.3,"left":35 ,"bottom":27.7,"right":64.5
              }
            }
          ]
        },
        {
          "type":"column","name":"TRABAJOcolumn","index":0,
          "celds":[
            {"type":"label_box","name":"TRABAJO_EXTRA_TITLE","index":0,"top":8,"left":64.5 ,"bottom":14.8,"right":133,"border":true,
              "background_color":{"red":128,"green":128,"blue":128},
              "border_color":{"red":0,"green":0,"blue":0},
              "label":{
                "text":"TRABAJO REALIZADO","top":10.3,"left":84 ,"bottom":12.6,"right":115
              }
            },
            {"type":"label_box","name":"TRABAJO_EXTRA","index":0,"top":14.8,"left":64.5 ,"bottom":21.3,"right":133,"border":true,
              "background_color":{"red":255,"green":255,"blue":255},
              "border_color":{"red":0,"green":0,"blue":0},
              "label":{
                "text":"","top":14.8,"left":64.5 ,"bottom":20.3,"right":133
              }
            },
            {"type":"label_box","name":"TRABAJO_EXTRA","index":1,"top":21.3,"left":64.5 ,"bottom":28.7,"right":133,"border":true,
              "background_color":{"red":255,"green":255,"blue":255},
              "border_color":{"red":0,"green":0,"blue":0},
              "label":{
                "text":"","top":21.3,"left":64.5 ,"bottom":27.7,"right":133
              }
            }
          ]
        }
        ]
    },
    { "type":"basic","name":"extras_total_tittle" ,"index":0, "top":32,"left":9.5 ,"bottom":35.2,"right":21.6,"border":false,"text":"HORAS" },
    { "type":"underline","name":"TOTAL_EXTRA" ,"index":0, "top":32,"left":21.6 ,"bottom":35.2,"right":49,"border":false,"text":"" },
    { "type":"picture", "name": "instalfer_logo","index":0,"top":43,"left":9.5 ,"bottom":56.3,"right":70.8,"border":false,"text":"","file":"instalferlogo.png"},
    {"type":"basic","name":"numero_title","index":0, "top":43.5,"left":99.6 ,"bottom":46.3,"right":103.1,"border":false,"text":"Nº:"},
    {"type":"underline","name":"NUMERO_PARTE","index":0, "top":41.4,"left":103.1 ,"bottom":46.8,"right":133,"border":false,"text":""},
    {"type":"basic","name":"fecha_title","index":0, "top":50.5,"left":93 ,"bottom":53.5,"right":103.1,"border":false,"text":"Fecha:"},
    {"type":"underline","name":"FECHA","index":0, "top":48.5,"left":103.1 ,"bottom":54,"right":133,"border":false,"text":""},
    {"type":"basic","name":"operario_title","index":0, "top":63,"left":9.1 ,"bottom":65.3,"right":24.8,"border":false,"text":"Operario:"},
    {"type":"underline","name":"OPERARIO","index":0, "top":60.8,"left":24.9 ,"bottom":65.3,"right":133,"border":false,"text":""},
    {"type":"basic","name":"normales_tittle","index":0, "top":71.7,"left":47.3 ,"bottom":74.5,"right":95.3,"border":false,"text":"PARTE DE TRABAJO DIARIO"},
    {"type":"underline","name":"normales_underline","index":0, "top":71.7,"left":47.3 ,"bottom":75.8,"right":95.3,"border":false,"text":""},
    {"type":"table","name":"normales_table","index":0, "top":78.5,"left":9.5 ,"bottom":164.1,"right":133,"border":false,"text":"",
      "columns":[
        {
          "type": "column",
          "name": "HIcolumn",
          "index":0,
          "celds": [
            {"type":"label_box","name":"HI_NORMAL_TITLE","index":0,"top":78.5,"left":9.5 ,"bottom":85.7,"right":21.5,"border":true,
              "background_color":{"red":128,"green":128,"blue":128},
              "border_color":{"red":0,"green":0,"blue":0},
              "label":{
                "text":"H.I.","top":81.6,"left":13 ,"bottom":84,"right":17.6
              }
            },
            {"type":"label_box","name":"HI_NORMAL","index":0,"top":85.7,"left":9.5 ,"bottom":96,"right":21.5,"border":true,
              "background_color":{"red":255,"green":255,"blue":255},
              "border_color":{"red":0,"green":0,"blue":0},
              "label":{
                "text":"","top":85.7,"left":9.5 ,"bottom":95,"right":21.2
              }
            },
            {"type":"label_box","name":"HI_NORMAL","index":1,"top":96,"left":9.5 ,"bottom":105.7,"right":21.5,"border":true,
              "background_color":{"red":255,"green":255,"blue":255},
              "border_color":{"red":0,"green":0,"blue":0},
              "label":{
                "text":"","top":96,"left":9.5 ,"bottom":104.7,"right":21.2
              }
            },
            {"type":"label_box","name":"HI_NORMAL","index":2,"top":105.7,"left":9.5 ,"bottom":115.5,"right":21.5,"border":true,
              "background_color":{"red":255,"green":255,"blue":255},
              "border_color":{"red":0,"green":0,"blue":0},
              "label":{
                "text":"","top":105.7,"left":9.5 ,"bottom":114.5,"right":21.2
              }
            },
            {"type":"label_box","name":"HI_NORMAL","index":3,"top":115.5,"left":9.5 ,"bottom":125.2,"right":21.5,"border":true,
              "background_color":{"red":255,"green":255,"blue":255},
              "border_color":{"red":0,"green":0,"blue":0},
              "label":{
                "text":"","top":115.5,"left":9.5 ,"bottom":124.2,"right":21.2
              }
            },
            {"type":"label_box","name":"HI_NORMAL","index":4,"top":125.2,"left":9.5 ,"bottom":134.9,"right":21.5,"border":true,
              "background_color":{"red":255,"green":255,"blue":255},
              "border_color":{"red":0,"green":0,"blue":0},
              "label":{
                "text":"","top":125.2,"left":9.5 ,"bottom":133.9,"right":21.2
              }
            },
            {"type":"label_box","name":"HI_NORMAL","index":5,"top":134.9,"left":9.5 ,"bottom":144.6,"right":21.5,"border":true,
              "background_color":{"red":255,"green":255,"blue":255},
              "border_color":{"red":0,"green":0,"blue":0},
              "label":{
                "text":"","top":134.9,"left":9.5 ,"bottom":143.6,"right":21.2
              }
            },
            {"type":"label_box","name":"HI_NORMAL","index":6,"top":144.6,"left":9.5 ,"bottom":154.4,"right":21.5,"border":true,
              "background_color":{"red":255,"green":255,"blue":255},
              "border_color":{"red":0,"green":0,"blue":0},
              "label":{
                "text":"","top":144.6,"left":9.5 ,"bottom":153.4,"right":21.2
              }
            },
            {"type":"label_box","name":"HI_NORMAL","index":7,"top":154.4,"left":9.5 ,"bottom":164.1,"right":21.5,"border":true,
              "background_color":{"red":255,"green":255,"blue":255},
              "border_color":{"red":0,"green":0,"blue":0},
              "label":{
                "text":"","top":154.4,"left":9.5 ,"bottom":163.1,"right":21.2
              }
            }
          ]
        },
        {
          "type": "column",
          "name": "HFcolumn",
          "index":0,
          "celds": [
            {"type":"label_box","name":"HF_NORMAL_TITLE","index":0,"top":78.5,"left":21.5 ,"bottom":85.7,"right":35,"border":true,
              "background_color":{"red":128,"green":128,"blue":128},
              "border_color":{"red":0,"green":0,"blue":0},
              "label":{
                "text":"H.F.","top":81.6,"left":26.5 ,"bottom":84,"right":30.9
              }
            },
            {"type":"label_box","name":"HF_NORMAL","index":0,"top":85.7,"left":21.5 ,"bottom":96,"right":35,"border":true,
              "background_color":{"red":255,"green":255,"blue":255},
              "border_color":{"red":0,"green":0,"blue":0},
              "label":{
                "text":"","top":85.7,"left":21.5 ,"bottom":95,"right":35
              }
            },
            {"type":"label_box","name":"HF_NORMAL","index":1,"top":96,"left":21.5 ,"bottom":105.7,"right":35,"border":true,
              "background_color":{"red":255,"green":255,"blue":255},
              "border_color":{"red":0,"green":0,"blue":0},
              "label":{
                "text":"","top":96,"left":21.5 ,"bottom":104.7,"right":35
              }
            },
            {"type":"label_box","name":"HF_NORMAL","index":2,"top":105.7,"left":21.5 ,"bottom":115.5,"right":35,"border":true,
              "background_color":{"red":255,"green":255,"blue":255},
              "border_color":{"red":0,"green":0,"blue":0},
              "label":{
                "text":"","top":105.7,"left":21.5 ,"bottom":114.5,"right":35
              }
            },
            {"type":"label_box","name":"HF_NORMAL","index":3,"top":115.5,"left":21.5 ,"bottom":125.2,"right":35,"border":true,
              "background_color":{"red":255,"green":255,"blue":255},
              "border_color":{"red":0,"green":0,"blue":0},
              "label":{
                "text":"","top":115.5,"left":21.5 ,"bottom":124.2,"right":35
              }
            },
            {"type":"label_box","name":"HF_NORMAL","index":4,"top":125.2,"left":21.5 ,"bottom":134.9,"right":35,"border":true,
              "background_color":{"red":255,"green":255,"blue":255},
              "border_color":{"red":0,"green":0,"blue":0},
              "label":{
                "text":"","top":125.2,"left":21.5 ,"bottom":133.9,"right":35
              }
            },
            {"type":"label_box","name":"HF_NORMAL","index":5,"top":134.9,"left":21.5 ,"bottom":144.6,"right":35,"border":true,
              "background_color":{"red":255,"green":255,"blue":255},
              "border_color":{"red":0,"green":0,"blue":0},
              "label":{
                "text":"","top":134.9,"left":21.5 ,"bottom":143.6,"right":35
              }
            },
            {"type":"label_box","name":"HF_NORMAL","index":6,"top":144.6,"left":21.5 ,"bottom":154.4,"right":35,"border":true,
              "background_color":{"red":255,"green":255,"blue":255},
              "border_color":{"red":0,"green":0,"blue":0},
              "label":{
                "text":"","top":144.6,"left":21.5 ,"bottom":153.4,"right":35
              }
            },
            {"type":"label_box","name":"HF_NORMAL","index":7,"top":154.4,"left":21.5 ,"bottom":164.1,"right":35,"border":true,
              "background_color":{"red":255,"green":255,"blue":255},
              "border_color":{"red":0,"green":0,"blue":0},
              "label":{
                "text":"","top":154.4,"left":21.5 ,"bottom":163.1,"right":35
              }
            }
          ]
        },
        {
          "type": "column",
          "name": "CLIENTEcolumn",
          "index":0,
          "celds": [
            {"type":"label_box","name":"CLIENTE_NORMAL_TITLE","index":0,"top":78.5,"left":35 ,"bottom":85.7,"right":64.5,"border":true,
              "background_color":{"red":128,"green":128,"blue":128},
              "border_color":{"red":0,"green":0,"blue":0},
              "label":{
                "text":"CLIENTE","top":81.6,"left":44.2 ,"bottom":84,"right":55.2
              }
            },
            {"type":"label_box","name":"CLIENTE_NORMAL","index":0,"top":85.7,"left":35 ,"bottom":96,"right":64.5,"border":true,
              "background_color":{"red":255,"green":255,"blue":255},
              "border_color":{"red":0,"green":0,"blue":0},
              "label":{
                "text":"","top":85.7,"left":35 ,"bottom":95,"right":64.5
              }
            },
            {"type":"label_box","name":"CLIENTE_NORMAL","index":1,"top":96,"left":35 ,"bottom":105.7,"right":64.5,"border":true,
              "background_color":{"red":255,"green":255,"blue":255},
              "border_color":{"red":0,"green":0,"blue":0},
              "label":{
                "text":"","top":96,"left":35 ,"bottom":104.7,"right":64.5
              }
            },
            {"type":"label_box","name":"CLIENTE_NORMAL","index":2,"top":105.7,"left":35 ,"bottom":115.5,"right":64.5,"border":true,
              "background_color":{"red":255,"green":255,"blue":255},
              "border_color":{"red":0,"green":0,"blue":0},
              "label":{
                "text":"","top":105.7,"left":35 ,"bottom":114.5,"right":64.5
              }
            },
            {"type":"label_box","name":"CLIENTE_NORMAL","index":3,"top":115.5,"left":35 ,"bottom":125.2,"right":64.5,"border":true,
              "background_color":{"red":255,"green":255,"blue":255},
              "border_color":{"red":0,"green":0,"blue":0},
              "label":{
                "text":"","top":115.5,"left":35 ,"bottom":124.2,"right":64.5
              }
            },
            {"type":"label_box","name":"CLIENTE_NORMAL","index":4,"top":125.2,"left":35 ,"bottom":134.9,"right":64.5,"border":true,
              "background_color":{"red":255,"green":255,"blue":255},
              "border_color":{"red":0,"green":0,"blue":0},
              "label":{
                "text":"","top":125.2,"left":35 ,"bottom":133.9,"right":64.5
              }
            },
            {"type":"label_box","name":"CLIENTE_NORMAL","index":5,"top":134.9,"left":35 ,"bottom":144.6,"right":64.5,"border":true,
              "background_color":{"red":255,"green":255,"blue":255},
              "border_color":{"red":0,"green":0,"blue":0},
              "label":{
                "text":"","top":134.9,"left":35 ,"bottom":143.6,"right":64.5
              }
            },
            {"type":"label_box","name":"CLIENTE_NORMAL","index":6,"top":144.6,"left":35 ,"bottom":154.4,"right":64.5,"border":true,
              "background_color":{"red":255,"green":255,"blue":255},
              "border_color":{"red":0,"green":0,"blue":0},
              "label":{
                "text":"","top":144.6,"left":35 ,"bottom":153.4,"right":64.5
              }
            },
            {"type":"label_box","name":"CLIENTE_NORMAL","index":7,"top":154.4,"left":35 ,"bottom":164.1,"right":64.5,"border":true,
              "background_color":{"red":255,"green":255,"blue":255},
              "border_color":{"red":0,"green":0,"blue":0},
              "label":{
                "text":"","top":154.4,"left":35 ,"bottom":163.1,"right":64.5
              }
            }
          ]
        },
        {
          "type": "column",
          "name": "TRABAJOcolumn",
          "index":0,
          "celds": [
            {"type":"label_box","name":"TRABAJO_NORMAL_TITLE","index":0,"top":78.5,"left":64.5 ,"bottom":85.7,"right":133,"border":true,
              "background_color":{"red":128,"green":128,"blue":128},
              "border_color":{"red":0,"green":0,"blue":0},
              "label":{
                "text":"TRABAJO REALIZADO","top":81.6,"left":84 ,"bottom":84,"right":115
              }
            },
            {"type":"label_box","name":"TRABAJO_NORMAL","index":0,"top":85.7,"left":64.5 ,"bottom":96,"right":133,"border":true,
              "background_color":{"red":255,"green":255,"blue":255},
              "border_color":{"red":0,"green":0,"blue":0},
              "label":{
                "text":"","top":85.7,"left":64.5 ,"bottom":95,"right":133
              }
            },
            {"type":"label_box","name":"TRABAJO_NORMAL","index":1,"top":96,"left":64.5 ,"bottom":105.7,"right":133,"border":true,
              "background_color":{"red":255,"green":255,"blue":255},
              "border_color":{"red":0,"green":0,"blue":0},
              "label":{
                "text":"","top":96,"left":64.5 ,"bottom":104.7,"right":133
              }
            },
            {"type":"label_box","name":"TRABAJO_NORMAL","index":2,"top":105.7,"left":64.5 ,"bottom":115.5,"right":133,"border":true,
              "background_color":{"red":255,"green":255,"blue":255},
              "border_color":{"red":0,"green":0,"blue":0},
              "label":{
                "text":"","top":105.7,"left":64.5 ,"bottom":114.5,"right":133
              }
            },
            {"type":"label_box","name":"TRABAJO_NORMAL","index":3,"top":115.5,"left":64.5 ,"bottom":125.2,"right":133,"border":true,
              "background_color":{"red":255,"green":255,"blue":255},
              "border_color":{"red":0,"green":0,"blue":0},
              "label":{
                "text":"","top":115.5,"left":64.5 ,"bottom":124.2,"right":133
              }
            },
            {"type":"label_box","name":"TRABAJO_NORMAL","index":4,"top":125.2,"left":64.5 ,"bottom":134.9,"right":133,"border":true,
              "background_color":{"red":255,"green":255,"blue":255},
              "border_color":{"red":0,"green":0,"blue":0},
              "label":{
                "text":"","top":125.2,"left":64.5 ,"bottom":133.9,"right":133
              }
            },
            {"type":"label_box","name":"TRABAJO_NORMAL","index":5,"top":134.9,"left":64.5 ,"bottom":144.6,"right":133,"border":true,
              "background_color":{"red":255,"green":255,"blue":255},
              "border_color":{"red":0,"green":0,"blue":0},
              "label":{
                "text":"","top":134.9,"left":64.5 ,"bottom":144.6,"right":133
              }
            },
            {"type":"label_box","name":"TRABAJO_NORMAL","index":6,"top":144.6,"left":64.5 ,"bottom":154.4,"right":133,"border":true,
              "background_color":{"red":255,"green":255,"blue":255},
              "border_color":{"red":0,"green":0,"blue":0},
              "label":{
                "text":"","top":144.6,"left":64.5 ,"bottom":153.4,"right":133
              }
            },
            {"type":"label_box","name":"TRABAJO_NORMAL","index":7,"top":154.4,"left":64.5 ,"bottom":164.1,"right":133,"border":true,
              "background_color":{"red":255,"green":255,"blue":255},
              "border_color":{"red":0,"green":0,"blue":0},
              "label":{
                "text":"","top":154.4,"left":64.5 ,"bottom":163.1,"right":133
              }
            }]
        }
        ]
    },
    { "type":"basic","name":"normales_total_tittle" ,"index":0, "top":172,"left":9.5 ,"bottom":175.2,"right":21.6,"border":false,"text":"HORAS" },
    { "type":"underline","name":"TOTAL_NORMAL" ,"index":0, "top":172,"left":21.6 ,"bottom":175.2,"right":49,"border":false,"text":"" },
    { "type":"basic","name":"operario_firma_tittle" ,"index":0, "top":178.1,"left":29 ,"bottom":181.3,"right":44.5,"border":false,"text":"El operario," },
    { "type":"basic","name":"encargado_firma_tittle" ,"index":0, "top":178.1,"left":91 ,"bottom":181.3,"right":117.8,"border":false,"text":"VºBºEl Encargado," }
  ]
}